et	2348
in	561
at	506
est	351
dixit	275
ad	260
q	207
eius	179
deus	178
non	157
iacob	155
abraam	130
super	125
de	125
me	111
mihi	110
ei	109
cum	107
terram	104
filii	101
te	96
eum	91
nomen	88
sunt	88
dns	82
ut	81
tibi	81
esau	79
ego	79
isaac	78
a	69
hoc	69
genuit	67
ecce	66
abram	65
factum	62
terra	60
eorum	59
inter	59
si	58
eo	58
aut	56
uocauit	56
ex	56
erat	56
coram	55
ipse	54
filium	54
laban	53
qd	52
terre	51
oes	51
suum	49
erit	48
fecit	48
eam	48
noe	46
annos	45
peperit	44
illi	44
suam	44
sui	43
tuum	43
post	43
uxorem	43
sicut	43
suo	42
dicens	42
tu	42
enim	42
uixit	41
rachel	41
filios	41
mea	41
ab	40
uidit	39
eos	39
ait	38
quod	38
eis	38
tua	37
ca	37
accepit	37
oibus	36
ne	36
oia	36
oues	35
oem	35
dies	35
filias	35
hec	34
tuo	34
usque	33
nunc	33
dux	33
illic	32
meum	32
hi	31
filius	31
lot	30
mei	30
tui	29
erant	29
dedit	29
mortuus	29
pro	29
dno	29
semen	29
sum	28
sm	28
qn	28
dei	28
ea	28
quam	27
suis	27
hic	27
dni	27
es	27
fuit	27
tra	26
filio	26
qcumque	26
die	26
meo	26
faciem	26
centum	26
uxor	25
pris	25
meus	25
fratres	25
pater	24
meam	24
abiit	23
tecum	23
ois	23
qui	23
adam	23
locutus	23
abimelech	23
septem	23
celi	23
illa	22
nos	22
facie	22
sarra	22
uenit	21
egressus	21
habitauit	21
ualde	21
fratris	21
domum	21
patris	21
anni	21
aqua	21
ubi	20
quem	20
ergo	20
sua	20
illius	20
ioseph	20
chanaan	20
puteum	19
propter	19
postquam	19
filie	18
adhuc	18
rex	18
ciuitatem	18
inde	18
ismael	18
aque	18
triginta	18
hanc	18
sue	18
quinque	17
genus	17
nobis	17
donec	17
sychem	17
uos	17
oe	17
rebecca	17
dabo	17
aquam	17
suos	17
uxores	17
uiri	17
homo	17
arcam	16
dne	16
uobis	16
tuus	16
fecisti	16
ipsi	16
qs	16
tuam	16
locum	16
nachor	16
surgens	16
cain	16
uerba	15
illis	15
isti	15
loco	15
filiam	15
filiorum	15
deo	15
ibi	15
quadraginta	15
frater	15
lia	15
ingressus	15
loci	15
sic	14
facta	14
oi	14
per	14
semini	14
mane	14
bonum	14
nocte	14
fuerunt	14
agro	14
ille	14
patrem	14
annorum	14
dixerunt	14
sub	14
domo	14
manus	14
filiis	14
dnm	14
duo	13
inuenit	13
sem	13
facies	13
decem	13
edom	13
sed	13
israel	13
deum	13
manum	13
apparuit	13
diebus	13
uite	13
que	13
sibi	12
gnationes	12
agar	12
ante	12
filia	12
pr	12
precepit	12
facti	12
sodomorum	12
mulier	12
uiam	12
suas	12
uiginti	12
posuit	12
altare	12
faciam	12
apud	12
accipe	12
serui	12
diem	12
erunt	12
tue	12
fili	11
gentes	11
bethel	11
uocem	11
ancillam	11
enoch	11
quos	11
audiuit	11
ultra	11
emor	11
oculis	11
hodie	11
camelos	11
bndixit	11
tuis	11
domus	11
illum	11
monte	11
forte	11
celum	11
uxoris	11
fratrem	11
he	11
uerbum	11
mecum	11
bathuel	10
lie	10
agri	10
het	10
cuius	10
concepit	10
benedixit	10
soror	10
lamech	10
simul	10
ipsa	10
accipies	10
anteq	10
sexaginta	10
tempore	10
gentium	10
cessauit	10
pecora	10
fedus	10
carnem	10
patre	10
dormiuit	10
cui	10
tres	10
fratri	10
dominus	9
duas	9
cham	9
thare	9
qm	9
cognouit	9
manibus	9
iuramenti	9
reuersus	9
filiabus	9
arca	9
edificauit	9
diluuium	9
misit	9
uenerunt	9
exaudiuit	9
dedi	9
hac	9
accipiens	9
patri	9
statuit	9
ancilla	9
aiam	9
fratribus	9
duces	9
quinquaginta	9
puer	9
iumentis	9
ciuitatis	9
angelus	9
quare	9
nunqd	9
fac	9
factus	9
carne	9
sara	9
feci	9
pactum	9
cainam	8
apd	8
regnauit	8
dixi	8
uidens	8
gram	8
quo	8
boues	8
ephron	8
iste	8
malum	8
meas	8
ligno	8
titulum	8
facere	8
eris	8
seir	8
rebeccam	8
utique	8
mris	8
occursum	8
omni	8
abel	8
ancille	8
medio	8
mee	8
fuerint	8
omnes	8
multa	8
hominem	8
rebecce	8
uespere	8
dixerat	8
nongenti	7
seth	7
aia	7
propt	7
merces	7
unum	7
mala	7
gentem	7
os	7
aperuit	7
tulit	7
segor	7
sororem	7
gomorre	7
tabernaculum	7
sit	7
illo	7
ipso	7
concipiens	7
adorauit	7
fontem	7
ouium	7
ingressi	7
puerum	7
neque	7
uidi	7
uino	7
dicentes	7
egyptum	7
nominauit	7
qua	7
mortuum	7
postq	7
ita	7
scdm	7
diei	7
circa	7
surrexit	7
camelis	7
accipientes	7
utero	7
secundo	7
senior	7
abierunt	7
lapidem	7
hydriam	7
masculum	7
pri	7
meos	7
chananeorum	7
iuxta	7
pastores	7
omnium	7
lignum	7
meis	6
serus	6
somnium	6
iuniorem	6
igitur	6
bona	6
audi	6
illam	6
ducentos	6
uolatilibus	6
ancillas	6
nobiscum	6
aran	6
mundis	6
celo	6
uocabitur	6
holocaustum	6
ciuitati	6
timuit	6
multiplicabo	6
iapheth	6
isto	6
putei	6
mater	6
hominum	6
septuaginta	6
qbus	6
melcha	6
regem	6
iusticiam	6
agnis	6
paradiso	6
cucurrit	6
arphaxad	6
spelunca	6
eber	6
pre	6
uir	6
ascendit	6
sarre	6
uobiscum	6
enos	6
substantiam	6
diuisit	6
orientem	6
ingressa	6
due	6
enan	6
reges	6
obtulit	6
agrum	6
uox	6
respiciens	6
herbam	6
seruiui	6
federis	6
n	6
anno	6
uxore	6
nimis	6
edulia	6
mambre	6
dierum	6
sarram	6
ero	6
solum	6
illuc	6
tuos	6
unam	6
bina	6
uiro	6
greges	6
seruus	6
caro	6
nomina	6
omnia	6
iared	6
ciuitates	6
ualle	6
signum	5
trecentos	5
iurauit	5
ciuitate	5
sennaar	5
osculatus	5
egressa	5
sol	5
ppt	5
caput	5
magnam	5
audiui	5
multiplicamini	5
uia	5
mense	5
firmamentum	5
dicit	5
ligna	5
uenite	5
qr	5
uolatilia	5
septima	5
egredere	5
inuenti	5
perdam	5
oim	5
duodecim	5
maris	5
bestiis	5
hunc	5
bndicam	5
uirum	5
malalehel	5
crescite	5
liam	5
mesopotamiam	5
habita	5
primogenita	5
ho	5
feminam	5
dare	5
chodorlaomor	5
replete	5
uestri	5
emisit	5
balla	5
duos	5
puero	5
raguel	5
sint	5
uxori	5
ueniens	5
manu	5
angeli	5
loqui	5
sedit	5
imposuit	5
hoiem	5
uiros	5
unde	5
masculinum	5
ponam	5
bndicat	5
rege	5
nunciauit	5
dixisti	5
testis	5
sanguinem	5
masculus	5
quando	5
seruo	5
leui	5
fugit	5
dilexit	5
addidit	5
uide	5
uirgo	5
animam	5
nisi	5
ppter	5
preputii	5
gentibus	5
ruben	5
se	5
heri	5
eliphas	5
inueni	5
comederunt	5
hoies	5
istis	5
ouibus	5
uiuentem	5
cunctis	5
primogenitus	5
cameli	5
phalec	5
contra	5
reptilia	5
gladium	4
attulit	4
mulieri	4
mulierem	4
uolatile	4
bndictus	4
desertum	4
benedictus	4
suus	4
magnum	4
femoris	4
da	4
moriar	4
ingredere	4
timeas	4
turrim	4
syrie	4
tertia	4
ada	4
ipsius	4
sare	4
portam	4
lucem	4
nouem	4
inuocauit	4
matrem	4
biberunt	4
septingentos	4
quercum	4
ore	4
una	4
ista	4
regione	4
natus	4
tempus	4
oculi	4
nihil	4
bestiarum	4
formauit	4
inaures	4
regionem	4
foris	4
mare	4
spiritus	4
reptile	4
pulchra	4
capras	4
comedes	4
fleuit	4
circuncidetur	4
adorauerunt	4
sala	4
montem	4
recede	4
bibe	4
uidentes	4
iectan	4
cisterna	4
lotan	4
basemath	4
balac	4
reuersi	4
pueri	4
reptilibus	4
cainan	4
bndictionem	4
ethei	4
mortua	4
phylistiim	4
cecidit	4
stellas	4
dixero	4
hodiernum	4
magna	4
possessionem	4
puteo	4
paradisi	4
subter	4
seruos	4
serutatus	4
album	4
seruum	4
columbam	4
saram	4
octo	4
comedi	4
sumus	4
escam	4
principes	4
imaginem	4
seruch	4
nonaginta	4
ragau	4
mensis	4
faciamus	4
core	4
sodomis	4
suorum	4
uirgas	4
uideret	4
latitudinem	4
dona	4
statuam	4
unus	4
pplm	4
mouetur	4
profectus	4
reuertere	4
arenam	4
ueni	4
deserto	4
alterum	4
eternum	4
hereditabit	4
dinam	4
mercedem	4
sedm	4
congregationes	4
foderunt	4
uita	4
abiens	4
argentum	4
deficiens	4
senectute	4
uocatum	4
retrorsum	4
nuncia	4
panem	4
semine	4
mulieres	4
uidebo	4
nrm	4
femina	4
panes	4
acceperunt	4
tribus	4
abstulit	4
nra	4
ostium	4
unusqsque	4
benedicam	4
pariet	4
quasi	4
ueniatur	4
bestias	4
galaad	4
huc	4
tunicam	4
mesopotamia	4
gerarorum	4
pareret	3
comedatis	3
respexit	3
parum	3
humeros	3
circumcisus	3
ieglom	3
plantauit	3
tetigit	3
latitudo	3
narrauit	3
uenientes	3
omnem	3
cubitorum	3
uiuet	3
paradisum	3
chus	3
collis	3
hitauit	3
placuit	3
habitare	3
dixerit	3
firmamento	3
substantia	3
egressi	3
iudicium	3
loquens	3
fructu	3
fuero	3
uris	3
uester	3
omne	3
mittens	3
hominis	3
audierunt	3
chaldeorum	3
hoim	3
prem	3
uoce	3
uiderunt	3
comedetis	3
hois	3
conspectu	3
dedan	3
uariam	3
iustum	3
armillas	3
decorticauit	3
philistiim	3
montes	3
sobal	3
benedicentur	3
noctem	3
didrachmas	3
apposuit	3
armenta	3
istum	3
emarcuit	3
sparsas	3
pharaonis	3
parere	3
dabimus	3
asar	3
adama	3
chanaam	3
egrediuntur	3
collem	3
gigas	3
mente	3
peperi	3
maledictus	3
tabernacula	3
recordatus	3
pecoribus	3
dine	3
regionibus	3
iura	3
sepeli	3
eduxit	3
esse	3
poterimus	3
domini	3
tunc	3
uenatione	3
fixit	3
hoie	3
elibemas	3
ager	3
an	3
diluuii	3
bibit	3
uoluptatis	3
perdes	3
inducam	3
impleuit	3
sodomam	3
duplici	3
concubina	3
adad	3
puellam	3
potero	3
bn	3
sestinauit	3
uade	3
induxit	3
arietes	3
eden	3
pugna	3
ibis	3
iratus	3
fructum	3
aures	3
hircos	3
sella	3
uadens	3
uuluam	3
charan	3
speluncam	3
mandragoris	3
equitatum	3
quattor	3
melchisedec	3
iam	3
symeon	3
tribubus	3
syro	3
comedit	3
asinos	3
pronubus	3
seminantem	3
foras	3
anima	3
fames	3
prius	3
interrogauit	3
chebrom	3
noctis	3
dabis	3
tenebras	3
sex	3
multiplicans	3
castra	3
orientis	3
pedibus	3
ceperunt	3
date	3
uniuerse	3
aurum	3
benedicens	3
reuertar	3
e	3
pedes	3
tuas	3
seboim	3
comedam	3
egypti	3
sebegon	3
ambo	3
dan	3
nondum	3
eas	3
uenationem	3
uidendum	3
mathusala	3
iunior	3
risit	3
exaltata	3
affer	3
noctibus	3
pplo	3
gregem	3
uni	3
mathusalem	3
bestia	3
circum	3
partem	3
deson	3
gigantes	3
uitulos	3
tumulus	3
nube	3
idola	3
timor	3
transiuit	3
audite	3
cooperuit	3
iusticia	3
nuditatem	3
fodit	3
adda	3
arietem	3
sororis	3
sterilis	3
esto	3
iusti	3
ieul	3
tuorum	3
statui	3
sacrificium	3
phichol	3
autem	3
nullus	3
locus	3
lapis	3
iobab	3
scio	3
illud	3
subuerteret	3
ss	3
bestie	3
sepeliam	3
similitudinem	3
pota	3
tribum	3
sinistram	3
iumenta	3
nras	3
aspectu	3
barad	3
secundum	3
fieri	3
arcus	3
uestimenta	3
reptantibus	3
earum	3
corpora	3
manuum	3
quid	3
geraris	3
uigesima	3
iustus	3
surgentes	3
descendit	3
mearum	3
titulus	3
comedisti	3
ade	3
tabernaculi	3
cades	3
parua	3
rndens	3
primo	3
dominamini	3
deos	3
charram	3
munera	3
domui	2
gennit	2
cessauerunt	2
dicetis	2
gomer	2
defecit	2
pplis	2
nostram	2
uolatilium	2
suarum	2
sim	2
uultus	2
excelsam	2
concidit	2
iumentia	2
uarias	2
linguam	2
ipe	2
responderunt	2
conclusit	2
aquilonem	2
ipsum	2
uadis	2
dina	2
moab	2
uadam	2
resurgeret	2
iniustitia	2
comedendum	2
bndictio	2
seniorem	2
sexta	2
zelphe	2
clam	2
somnia	2
pepererunt	2
senioris	2
diligenter	2
multi	2
decepisti	2
fuert	2
salua	2
matri	2
pinguedine	2
habitate	2
locuti	2
surge	2
uendidit	2
uestram	2
induit	2
furata	2
sempiternum	2
regma	2
impleti	2
quadringenti	2
mille	2
sorore	2
multos	2
argento	2
indica	2
manendum	2
ossibus	2
cisternam	2
capris	2
carnes	2
nudi	2
sorori	2
linguas	2
hm	2
mauiael	2
septies	2
sale	2
nudus	2
hitabimus	2
morientur	2
balenon	2
filiarum	2
faciens	2
aram	2
tremens	2
malefacere	2
solo	2
maior	2
zelpha	2
exaltatus	2
quadrupedia	2
poterant	2
oculos	2
octingentos	2
madiam	2
pharao	2
diluculo	2
aridam	2
alba	2
nephthalim	2
discessit	2
undecim	2
uotum	2
impio	2
paries	2
satis	2
exercitus	2
seipra	2
pallium	2
occidere	2
uoci	2
iuit	2
protulit	2
ascendentes	2
repleta	2
quingentos	2
iuuenis	2
noia	2
egyptia	2
feceris	2
fluuius	2
corrupta	2
male	2
operibus	2
alios	2
agnas	2
quindecim	2
theman	2
deuorauit	2
chalac	2
uarium	2
inueniens	2
principatus	2
deposuit	2
ipsis	2
dolo	2
cisternarum	2
anq	2
adduxit	2
gomorram	2
cur	2
pueris	2
insule	2
ciuitas	2
nro	2
flamma	2
aiarum	2
manicauit	2
ignem	2
hauriam	2
gnationum	2
statim	2
prosperauit	2
luminare	2
uocabis	2
inueniat	2
cognouerunt	2
deambulantis	2
moze	2
ingredieris	2
rore	2
uaria	2
duobus	2
solitudine	2
asini	2
innocens	2
hus	2
salute	2
uenator	2
iapeth	2
argenti	2
reptilium	2
habitarent	2
res	2
austrum	2
mltitudinem	2
uolucres	2
inualuit	2
aduersariorum	2
gerara	2
fonte	2
euila	2
mensem	2
mortis	2
singulariter	2
salis	2
uirorum	2
rubem	2
uitulum	2
possedit	2
bndicentur	2
habitabant	2
unusquisque	2
furatus	2
proximo	2
recessit	2
natiuitatis	2
circuit	2
comprehendit	2
uere	2
diluculum	2
elam	2
expectans	2
disseminate	2
conuiuium	2
beor	2
placuerit	2
scit	2
odorem	2
puteos	2
madianite	2
seminis	2
habebat	2
caue	2
habet	2
cibum	2
exns	2
ligni	2
habitantes	2
ferebatur	2
nris	2
pabula	2
asur	2
nati	2
interficerent	2
cineratas	2
saul	2
em	2
reducam	2
plenus	2
desuper	2
balle	2
respondes	2
messis	2
nunciate	2
conuersio	2
generationis	2
comedert	2
hiis	2
secunde	2
numerabitur	2
homine	2
minam	2
requiram	2
ura	2
sodoma	2
mittet	2
congregati	2
amalec	2
ablactatus	2
mali	2
fecerunt	2
habens	2
chananei	2
potest	2
reson	2
multiplicata	2
semetipo	2
seni	2
syri	2
ignis	2
minus	2
miam	2
thamna	2
decora	2
luminaria	2
lux	2
humilitatem	2
potemus	2
dedisti	2
cognoscam	2
uisus	2
amat	2
eleuans	2
sepulchri	2
abscondit	2
sicimis	2
samaa	2
fuge	2
comedat	2
scis	2
moriemini	2
tunica	2
fiat	2
intulit	2
istos	2
serpens	2
cumque	2
usi	2
appositus	2
pascebat	2
horas	2
elegit	2
corum	2
pharaonem	2
solas	2
uiuentium	2
dimitte	2
steti	2
appropinquauit	2
sedebat	2
utrem	2
redde	2
odio	2
luceant	2
posui	2
genere	2
causa	2
iudas	2
pulchrum	2
pepercisti	2
uernaculus	2
uiuat	2
columba	2
omnibus	2
trucidauerunt	2
niniuem	2
senex	2
principi	2
magnus	2
effudit	2
interficient	2
opera	2
clamor	2
angelum	2
salsa	2
chorri	2
canalibus	2
ipa	2
lian	2
aser	2
nri	2
inhonorata	2
aie	2
suspiciens	2
ipsos	2
thobel	2
accipiam	2
opibus	2
uasa	2
numerare	2
corde	2
seruiuit	2
spatium	2
arida	2
inuenero	2
accepisti	2
audiens	2
nunciatum	2
habes	2
loquentem	2
uerbo	2
potauit	2
circumcidendo	2
inuenimus	2
flumen	2
durum	2
tradidit	2
pascunt	2
cepit	2
oleum	2
habito	2
lentis	2
uocauerunt	2
respondentes	2
uestem	2
dothaim	2
inualui	2
symeom	2
euilat	2
decepit	2
fuerit	2
facis	2
dimisit	2
reuersa	2
alienos	2
arbore	2
cognosceret	2
sebeon	2
perfectus	2
sanguine	2
iuraui	2
ducentas	2
hydria	2
princeps	2
iterum	2
assyrios	2
appropinquit	2
meridiem	2
ouem	2
septimo	2
sciam	2
omar	2
dicent	2
reducas	2
coxit	2
morte	2
illos	2
sumptus	2
dimittite	2
ludentem	2
det	2
festinauit	2
meridie	2
gladio	2
fuscum	2
fratrum	2
iuuenes	2
uides	2
pecus	2
octoginta	2
ismaelitis	2
puteus	2
seruies	2
parient	2
do	2
altero	2
uenirent	2
dilecto	2
saba	2
opprobrium	2
decimo	2
uernaculos	2
matre	2
domibus	2
attuli	2
rursus	2
perfecutus	2
pace	2
adaquabant	2
uolucribus	2
homines	2
domesticus	2
circumcisi	2
dicere	2
uenare	2
percussit	2
habitabat	2
tertius	2
feruus	2
increpauit	2
morieris	2
circumcidit	2
odor	2
signata	2
nequaq	2
potauerunt	2
sciuit	2
uestro	2
uisionis	2
charam	2
longe	2
uiues	2
seculum	2
ana	2
montium	2
sexcentesimo	2
arioch	2
recte	2
sur	2
magis	2
pone	2
tertio	2
dixeritis	2
sepelierunt	2
bene	2
acquisiuit	2
circuitu	2
pleni	2
aduersus	2
egyptii	2
urm	2
uestros	2
asom	2
uentre	2
abyssi	2
cataracte	2
elom	2
pomiferum	2
uenire	2
castrametatus	2
num	2
gloriam	2
arce	2
liber	2
appropinquans	2
testimonium	2
arcum	2
pueros	2
suscitemus	2
consenui	2
ostio	2
albas	2
iuramento	2
accipere	2
creuit	2
ueniam	2
saar	2
iordanis	2
generis	2
diligebat	2
turmas	2
eschol	2
nostris	2
uenatonem	2
sparsum	2
irruit	2
multitudine	2
luza	2
cognoui	2
salem	2
piscibus	2
hitent	2
precepi	2
sophar	2
recesserunt	2
congregentur	2
odoratus	2
respice	2
saluari	2
domine	2
currens	2
reduxit	2
respondens	2
loquimini	2
perfecit	2
sanus	2
decima	2
adorabunt	2
furta	2
cenez	2
rupit	2
descendens	2
conciperent	2
habitans	2
comedere	2
dexteram	2
serpenti	2
lata	2
indicauit	2
lapides	2
impius	2
nostrum	2
hausit	2
fontes	2
dispersit	2
solus	2
duarum	2
uiridem	2
annis	2
prosperam	2
huius	2
addam	2
obstruxerunt	2
nostri	2
septingenti	2
quartus	2
dic	2
uinum	2
subalbas	2
conceperunt	2
habitatio	2
sacrificauit	2
gad	2
gaidad	2
iumentorum	2
creauit	2
spiritum	2
frem	2
amraphel	2
bibendum	2
labium	2
regis	2
oriente	2
dormiret	2
diuisi	2
nabaioth	2
clamans	2
delebo	2
adiurauit	1
genuerunt	1
cortices	1
alonge	1
concubinarum	1
dederint	1
possessionis	1
rixatus	1
manipulum	1
cede	1
eueum	1
reputatum	1
iobel	1
fueris	1
occiderent	1
tetigerit	1
consolari	1
benedicat	1
humiliationem	1
scies	1
phison	1
hita	1
difficile	1
etteum	1
beata	1
naid	1
affinitatem	1
butyrum	1
extermi	1
asuni	1
milia	1
paleas	1
diligeret	1
declinate	1
dissipauit	1
madal	1
ingredientibus	1
acqsiuit	1
mori	1
mezoob	1
defiliit	1
nunciata	1
noui	1
maiori	1
produxerunt	1
ueruntn	1
stulte	1
diuisus	1
intrinsecus	1
possedi	1
aracheum	1
ueritatem	1
masse	1
maledicam	1
coquamus	1
educ	1
nequaquam	1
quiesce	1
reddidit	1
aqui	1
stabiliui	1
deurauit	1
accelera	1
annunciabit	1
ot	1
mentum	1
regni	1
iumentum	1
iustam	1
mouerentur	1
germinabit	1
achobor	1
thaas	1
dictum	1
diuitias	1
eueus	1
aperti	1
manebimus	1
congaudebit	1
inuenisti	1
fons	1
multiplicare	1
imperate	1
sanauit	1
qttuor	1
extendit	1
cohabitans	1
imprecatio	1
ueritate	1
manicantes	1
latere	1
quae	1
attraxerunt	1
laomim	1
numqd	1
duplicem	1
audiuerit	1
preuluisti	1
concipiebant	1
liuorem	1
iuramentum	1
interrogare	1
quocumque	1
regredientur	1
renunciasti	1
puteis	1
sepulchris	1
iainan	1
induxerunt	1
buz	1
soporem	1
fenestram	1
pariter	1
uesperum	1
has	1
inuentus	1
preteribant	1
euphratem	1
expulistis	1
iesboc	1
noema	1
iustos	1
mundus	1
nudatus	1
bndicte	1
fris	1
signa	1
sciui	1
uersus	1
decimam	1
igni	1
qcunque	1
uiuere	1
excelsos	1
messa	1
cognoscens	1
pariebant	1
dicentium	1
zabulon	1
adiutos	1
eternam	1
amorrheum	1
misi	1
complete	1
mathusale	1
enualde	1
iustitiam	1
ciba	1
holocausti	1
tritici	1
fine	1
monstrabo	1
amorrheos	1
turme	1
cresce	1
transitum	1
ieldad	1
apropinquit	1
noster	1
celuim	1
gephar	1
furor	1
circuncidetis	1
appropinquauert	1
tribu	1
maledicentes	1
manducare	1
cyneum	1
eliba	1
relictus	1
balaam	1
quintum	1
iudicabit	1
interficiam	1
iaynan	1
arena	1
diliget	1
uidebit	1
odistis	1
prouecti	1
precepta	1
luctabatur	1
sufficiat	1
obtuleris	1
interrogaui	1
habitus	1
hereditabo	1
tabernaculis	1
circumcidert	1
flammeum	1
festucam	1
solium	1
phihnon	1
domierunt	1
extendens	1
occidi	1
uram	1
uisio	1
conplexus	1
confuerunt	1
uenatio	1
nre	1
conteret	1
pers	1
tribulos	1
occiderit	1
existentes	1
occasus	1
assumpsit	1
octigenti	1
prelium	1
occurrit	1
bonis	1
abestia	1
destrauit	1
proficiscetur	1
seruient	1
audiant	1
seruiet	1
adaquauit	1
chalanne	1
numerauit	1
primis	1
iniustum	1
deficit	1
maledictio	1
tristitias	1
exuerunt	1
immisit	1
loquente	1
interficies	1
intelligendum	1
rhooboth	1
statuo	1
bibant	1
ephrom	1
tene	1
coruum	1
dus	1
iudicabo	1
facitis	1
hetteus	1
aues	1
preparaui	1
altissimum	1
later	1
dolore	1
nemrod	1
uirgarum	1
costarum	1
magog	1
exaudiui	1
costam	1
reddideris	1
samarium	1
forsitan	1
arran	1
ira	1
egisti	1
pelles	1
priuceps	1
dices	1
hemor	1
percutere	1
gola	1
spinas	1
castrametata	1
gethem	1
frumenti	1
pulchros	1
reuerti	1
aliquis	1
egrediamur	1
lutum	1
respiciat	1
tibiipsi	1
fugiebat	1
chori	1
exaudi	1
ingredieniibus	1
ancillarum	1
altissimi	1
malis	1
fornacis	1
ecoluet	1
polluit	1
camelo	1
diuidendum	1
hitantis	1
poterat	1
precium	1
folia	1
eternus	1
obliuiscatur	1
alieno	1
sephar	1
surrexissent	1
confringere	1
ambulabat	1
discedit	1
feceritis	1
festina	1
utris	1
zare	1
exaltus	1
sueritis	1
ebal	1
reuertemur	1
frigus	1
uenias	1
exclamauit	1
operatus	1
furgens	1
palce	1
cibus	1
adaquantes	1
pacificum	1
perueniebat	1
elmodad	1
lac	1
familiis	1
tondendum	1
malitia	1
ponebat	1
meque	1
mandata	1
facum	1
retro	1
pastoribus	1
glosissimus	1
inquitate	1
infans	1
calcaneum	1
tolam	1
uernaculi	1
nascetur	1
descendam	1
erectus	1
profecto	1
corumpendum	1
habitantium	1
ueneris	1
fame	1
misisses	1
ppls	1
semel	1
exibunt	1
perdimus	1
abscondar	1
malitie	1
ferri	1
colligens	1
nocti	1
proferens	1
tredecim	1
alternum	1
somnum	1
hinc	1
oium	1
comedens	1
habitabit	1
zucam	1
dormis	1
multam	1
aimal	1
conplacui	1
cognoscitis	1
inuisibilis	1
lapidibus	1
nuda	1
air	1
puro	1
brachium	1
chette	1
estu	1
termini	1
quood	1
cenemeos	1
nachoth	1
requieuit	1
nabeoth	1
conuenit	1
assimilemur	1
remanserunt	1
fratre	1
trahens	1
fueritis	1
dormiamus	1
seruierunt	1
couiuium	1
extrinsecus	1
decimabo	1
denaba	1
disposuerunt	1
bndictione	1
nunciare	1
elasar	1
fugiam	1
subalbi	1
dimittam	1
prope	1
fuscam	1
abyssum	1
producant	1
fias	1
egyptie	1
considerabat	1
clamat	1
sabathaca	1
tutem	1
affecerunt	1
mercatores	1
inueuisti	1
quingentorum	1
adaperuit	1
urgebant	1
ambulabo	1
dederis	1
teipsum	1
euphrates	1
collo	1
conplacens	1
quadrigentarum	1
precipiet	1
compulit	1
osculare	1
nosce	1
perdidit	1
torrentem	1
quecumque	1
attulerunt	1
rapuit	1
uituperium	1
cogitat	1
sedente	1
affligemus	1
rixati	1
uendainus	1
exeuntes	1
inmente	1
ibant	1
cheture	1
custodiuit	1
asinum	1
masec	1
bndiceret	1
respexeris	1
eamin	1
cepi	1
adiurabo	1
mosoch	1
pulchram	1
diendam	1
arach	1
ueritatis	1
arboc	1
acte	1
hochomad	1
testamentum	1
altissimo	1
debora	1
operandum	1
genuis	1
transibitis	1
drachme	1
gnationem	1
zabulom	1
utentur	1
pptea	1
matraith	1
iaboch	1
deficient	1
collocauit	1
iescha	1
nomine	1
uniuersam	1
dominaberis	1
humiliabunt	1
ceciderunt	1
coctione	1
adueniens	1
prudentissimus	1
malus	1
tauros	1
ostendit	1
scala	1
faciant	1
hostium	1
uba	1
custo	1
dimiserunt	1
subuersionis	1
steteris	1
pluerat	1
ammor	1
adoperandum	1
persecuti	1
ortus	1
medium	1
surgere	1
mi	1
mandragoras	1
furrexit	1
meorum	1
nuqd	1
maacha	1
ebron	1
tristificauit	1
occidam	1
capram	1
plangere	1
qre	1
stramentis	1
impleuerunt	1
iugulauert	1
postqquam	1
quarto	1
tantum	1
pter	1
pelliceas	1
senem	1
uendicatum	1
appropinqret	1
dicant	1
boni	1
quadringentos	1
egipto	1
alioquim	1
noceas	1
pastorum	1
congregabantur	1
sacrificia	1
nubes	1
absque	1
muliebria	1
collum	1
addet	1
alienigenis	1
postuqam	1
percutient	1
uias	1
sementis	1
uri	1
uendicabunt	1
redarguit	1
uno	1
iubal	1
thargal	1
mesraim	1
phuth	1
desiderasti	1
quemadmodum	1
crastinum	1
ous	1
cithara	1
numquid	1
saleph	1
sepulta	1
dextram	1
mansiunculas	1
futurum	1
seniori	1
tricamerata	1
requiescentes	1
tentauit	1
puerulos	1
uenimus	1
zaphoin	1
consolationem	1
quinqginta	1
manete	1
lugebat	1
loqris	1
purocorde	1
aduocans	1
mortem	1
fect	1
interfecit	1
uidisti	1
occasum	1
uilipendit	1
nonaguita	1
amorreos	1
solis	1
gaon	1
custodient	1
absconderimus	1
longitudinem	1
inebriatus	1
imminuebatur	1
pertransierunt	1
facit	1
apprehendant	1
hereditet	1
eritis	1
reditabit	1
confudit	1
requiem	1
stetisti	1
proximi	1
uirga	1
accepi	1
diceret	1
ipsas	1
addiderunt	1
urgeam	1
rndit	1
tentoriis	1
gader	1
scindens	1
nunquid	1
priore	1
pugnauerunt	1
secunda	1
conplace	1
uadunt	1
ac	1
t	1
apropinqret	1
pharam	1
uitulam	1
errabat	1
comedet	1
confundamus	1
abada	1
uer	1
dormierant	1
sciendi	1
qsi	1
eiicies	1
disseminati	1
genita	1
firmatus	1
edificans	1
nem	1
infensa	1
peccatum	1
nutriatur	1
obuiauerunt	1
fui	1
nram	1
stans	1
uestras	1
multiplicet	1
depcatus	1
estis	1
serpes	1
egyptiam	1
aromatibus	1
incolatus	1
manducandum	1
some	1
diues	1
possidebant	1
indigenarum	1
auferas	1
poma	1
uirginis	1
doloris	1
proiiciamus	1
irreprehensibilis	1
ditaui	1
nutriantur	1
quarta	1
conuenerunt	1
gratiam	1
clamauit	1
multarum	1
iustificationes	1
congregata	1
moriebatur	1
uacuum	1
tenebre	1
inimicitie	1
accipiatur	1
somniator	1
iaphet	1
hereditatis	1
inimicitiam	1
comeditis	1
fuerimus	1
simile	1
auertatur	1
illorum	1
perimomata	1
uestimentum	1
interrogauerunt	1
salsam	1
cecitate	1
maledixerit	1
generi	1
terebintho	1
geon	1
aliquot	1
ochomad	1
madian	1
habetis	1
huic	1
themanorum	1
gnatione	1
pertransiuit	1
escis	1
fecistis	1
appareat	1
substantie	1
deridere	1
opus	1
fletus	1
leuis	1
adaquit	1
mespotamiam	1
reuoluebant	1
appropinqua	1
multiplicentur	1
lud	1
facto	1
eiecit	1
descendebant	1
fecert	1
regnabis	1
pergentes	1
pheremei	1
dominabitur	1
heber	1
loth	1
quis	1
habitasti	1
adiutorem	1
abietem	1
bndic	1
o	1
pacifici	1
apprehendens	1
pctm	1
pullos	1
patior	1
ciuibus	1
zelphan	1
abire	1
reuoluit	1
sinitimorum	1
probati	1
lignis	1
aunam	1
electis	1
uiuentis	1
reliquas	1
mrem	1
separauit	1
induces	1
custodiens	1
eliget	1
steterat	1
capiebat	1
bibam	1
polluert	1
bicamerata	1
loquar	1
habeor	1
iudicas	1
delendam	1
qrcus	1
conualle	1
styracinam	1
moratus	1
subiugalia	1
captiuauerunt	1
uestibulum	1
iordanem	1
edificemus	1
extraxerunt	1
pulchre	1
beatam	1
ducatibus	1
remittes	1
cognominauit	1
percusserit	1
interficiamus	1
phutifari	1
acciptens	1
uolantia	1
reponebant	1
possessio	1
cognoscimus	1
scito	1
ingressu	1
tharsis	1
placitum	1
lactat	1
fuis	1
disposuit	1
uende	1
qris	1
crastina	1
uadit	1
captiuos	1
fugisti	1
syrorum	1
uenientibus	1
numero	1
arefacta	1
didrachmarum	1
primogenitis	1
illuminationem	1
offer	1
aliene	1
carbunculus	1
uestarum	1
resina	1
reuertaris	1
issachar	1
ascenderunt	1
cognosce	1
faciei	1
cornibus	1
circumposuit	1
extendat	1
utere	1
ee	1
consenuit	1
domino	1
genuerat	1
teneros	1
agnos	1
uouisti	1
aialium	1
moriatur	1
abiret	1
zara	1
eium	1
accepero	1
pparauit	1
relinquam	1
prete	1
pecorum	1
respexerunt	1
media	1
disponemus	1
abimael	1
commisce	1
seruauit	1
derelinquam	1
potentior	1
iniquitate	1
turturem	1
qttuordecum	1
uineam	1
habebit	1
distinxit	1
uallem	1
uiris	1
nabitur	1
maledicta	1
beniamin	1
assurim	1
elissa	1
disperdam	1
colligite	1
remittatur	1
magnificasti	1
urbe	1
proficiscemini	1
abida	1
iniecit	1
neruum	1
benedic	1
uxoribus	1
transeas	1
sciendum	1
lucerent	1
transgrediaris	1
ianuam	1
pascite	1
mltitudine	1
seminauit	1
regionis	1
pergrinum	1
saltabant	1
apparebit	1
adas	1
subalbum	1
lquando	1
fleuerunt	1
risisti	1
maribus	1
amo	1
percusserunt	1
capitiuatus	1
ficus	1
interrogas	1
firmamenta	1
nominati	1
precedat	1
quia	1
coquorum	1
aner	1
iudicare	1
pono	1
delebor	1
saluabor	1
habenti	1
septuagies	1
accipendam	1
saluare	1
eunucho	1
saluans	1
aurea	1
facio	1
ephratha	1
maria	1
iatur	1
monumenti	1
felix	1
induxisses	1
uendidert	1
abibimus	1
manipuli	1
nostro	1
abduxit	1
scorto	1
confederati	1
statuisti	1
generabit	1
gradieris	1
genua	1
cruciauit	1
donis	1
aat	1
mansit	1
egrediebatur	1
labia	1
luctaretur	1
manbre	1
arbor	1
multitudinis	1
centenario	1
dimittor	1
diuidentur	1
aureas	1
minimo	1
extra	1
chananeos	1
gnatioes	1
supplantauit	1
combustus	1
mundamini	1
erimus	1
times	1
contraria	1
dimisi	1
comedrt	1
unxisti	1
inf	1
assumens	1
descendentes	1
superabit	1
surgite	1
timuerunt	1
seruitutem	1
quanta	1
quas	1
mansionibus	1
minatur	1
altissimus	1
dubitauit	1
edificauerunt	1
conparata	1
suppellectilem	1
uallis	1
imple	1
preputia	1
fortitudine	1
uirgultum	1
sulphur	1
regum	1
altitudo	1
bibi	1
ambulationis	1
uiderint	1
intuleritis	1
uocemus	1
fer	1
mouentur	1
potum	1
primogenti	1
fluius	1
hebron	1
primogenitum	1
deuoratione	1
conuersi	1
contrectabo	1
ualet	1
isaaac	1
thobal	1
loquere	1
sims	1
themam	1
boum	1
pergam	1
trascant	1
bndices	1
inimicos	1
trecentorum	1
inferes	1
zaresome	1
delere	1
circaregionis	1
syche	1
uxorum	1
nomini	1
idumee	1
subalbos	1
firmata	1
grandia	1
iurauerunt	1
prima	1
leson	1
furatum	1
euei	1
osculari	1
ueniebant	1
auribus	1
manipulus	1
preter	1
connubilando	1
sinum	1
triste	1
remissa	1
infirmi	1
occidit	1
supra	1
azau	1
fugeret	1
muli	1
incepit	1
timorem	1
uentris	1
recorder	1
lapideum	1
sanguinis	1
iudam	1
diuidens	1
descendas	1
corrupit	1
testifactur	1
ruffa	1
tribulationis	1
dimisimus	1
glacie	1
citii	1
mentem	1
seperauit	1
loquaris	1
faber	1
uisum	1
sagittarius	1
doloribus	1
uereloqre	1
decla	1
malec	1
pascam	1
humiliauit	1
sepelias	1
putabam	1
restituit	1
protegam	1
populo	1
exerceri	1
multiplicate	1
fructibus	1
tangatis	1
tectum	1
germinet	1
potabo	1
abominati	1
queso	1
agressi	1
resurrectionem	1
fete	1
ethiopie	1
statua	1
herbe	1
luna	1
sempiterni	1
crescere	1
extasis	1
bellum	1
filo	1
emmeos	1
dormiat	1
asbar	1
montana	1
regnum	1
prasinus	1
sepulius	1
comestum	1
hay	1
trimam	1
massam	1
uerunt	1
chainaam	1
chorreos	1
gergeseos	1
gomoram	1
ponderis	1
persecutus	1
iumentta	1
nemroth	1
ipsam	1
constitui	1
adorandum	1
consuetudinem	1
obstetrix	1
pondus	1
apperuit	1
coeamus	1
conctionem	1
forsitam	1
inicias	1
dormiui	1
turbati	1
producat	1
diuisiones	1
conteres	1
pariam	1
admiratus	1
sextum	1
emptitius	1
diminuebatur	1
fortes	1
lammaus	1
chazad	1
augurarer	1
soluebam	1
inuenerunt	1
dormiuisset	1
effundatis	1
prospere	1
femore	1
somniaui	1
obedisti	1
dicerent	1
uideo	1
chargal	1
asasonthamar	1
anamiim	1
syrum	1
supellectilem	1
exntes	1
precesserunt	1
apparui	1
suisset	1
accersam	1
habitabunt	1
elasor	1
estas	1
populum	1
propheta	1
ferebat	1
clibanus	1
cooperti	1
olera	1
magno	1
egredietur	1
acobor	1
barsa	1
exntem	1
dilatet	1
peccatores	1
hereditandum	1
donum	1
sn	1
recogitans	1
peccauit	1
iuro	1
incomposita	1
carnain	1
pharetram	1
habititauerunt	1
pherezeis	1
ammon	1
agricolationes	1
alius	1
eliezer	1
contrectauit	1
steriles	1
uituli	1
liberis	1
domos	1
cenes	1
secundus	1
darem	1
proprios	1
congregationem	1
pereas	1
uiuens	1
interrogauerit	1
transitori	1
habeo	1
cilicium	1
prosperabit	1
symor	1
separa	1
dii	1
cubitum	1
ascendere	1
olas	1
suscitauit	1
octuaginta	1
donce	1
dederit	1
claudicabat	1
sestinans	1
preputium	1
hauriendum	1
tram	1
custodiam	1
quadringentis	1
euigilauit	1
ilii	1
eiicite	1
trabium	1
errantem	1
suerunt	1
castris	1
risum	1
montibus	1
sidone	1
sacerdos	1
proiecert	1
iparsi	1
quadratis	1
serprens	1
sepelier	1
diripuerunt	1
ingentes	1
uescimur	1
eriperet	1
terribilis	1
aries	1
bibere	1
preessent	1
accipiendum	1
prm	1
cinerati	1
custodierit	1
sumans	1
congregetur	1
quintus	1
humiliaueris	1
hitaui	1
deleta	1
tentorium	1
hebdomadam	1
ordeum	1
carum	1
matris	1
aduena	1
rectam	1
aquatrices	1
tympanis	1
ingrederetur	1
iether	1
mesaraim	1
concludens	1
bituminabis	1
euertam	1
disponahius	1
obuiauit	1
ppolluerunt	1
chananeis	1
collegerunt	1
cognoscendi	1
istarum	1
arc	1
uenert	1
deponas	1
tollens	1
nurum	1
raga	1
perambula	1
comphendaris	1
madai	1
incubuerat	1
oderunt	1
interficeret	1
deducere	1
pisces	1
siccaretur	1
loquentis	1
pedem	1
clausit	1
ararat	1
inuidert	1
hirci	1
ingredientur	1
bitumine	1
extendentes	1
ismaelite	1
operaberis	1
annunciasti	1
uasibus	1
mutate	1
ouis	1
tuarum	1
negocientur	1
manachath	1
nephthuim	1
precedentibus	1
uesceris	1
mouens	1
fedit	1
inueniebant	1
elipham	1
chobal	1
donauit	1
dnaberis	1
maledixit	1
roma	1
scens	1
fudore	1
intrauit	1
custos	1
sparsos	1
uado	1
gradiebatur	1
nuptias	1
interfecert	1
muliebrium	1
regnaret	1
euam	1
recordabor	1
stacie	1
descendes	1
supellectili	1
uenis	1
steterunt	1
iudim	1
precessit	1
lactantes	1
elegerant	1
occiderat	1
ambulaui	1
saluauit	1
anime	1
agne	1
uiue	1
adherebit	1
pluuia	1
sempiternas	1
exiens	1
iis	1
regnans	1
diipergamur	1
rem	1
bitumen	1
principio	1
trimum	1
prosperum	1
opere	1
diuisionum	1
totus	1
hauriret	1
asino	1
erue	1
peregrinus	1
orber	1
uouit	1
inuiderunt	1
gotham	1
polluerant	1
uocans	1
prohibebit	1
hochozat	1
expauit	1
deleuit	1
corigiam	1
memetipsum	1
uolucre	1
audientibus	1
comitans	1
mabre	1
camuel	1
trium	1
gemini	1
quadringentas	1
egredimini	1
libemas	1
genit	1
uphir	1
maioris	1
obuiauerit	1
acquirite	1
dicemus	1
possumus	1
dabitis	1
nutrias	1
accipite	1
mittam	1
cognationes	1
induendum	1
acad	1
obedierunt	1
dasem	1
credidit	1
phetrusiim	1
affligent	1
malleator	1
consumabis	1
cruciatibus	1
tristitiis	1
terciodecimo	1
clamorem	1
secum	1
gnrationes	1
pascere	1
thiras	1
delebitur	1
mortuo	1
nutrix	1
faciet	1
seminiferi	1
appellauit	1
accipias	1
transgrediar	1
adoraui	1
confidenter	1
multiplicatus	1
sedete	1
iugularet	1
spiraculum	1
cethura	1
surgat	1
placidum	1
gemens	1
duciens	1
nazeth	1
uoluit	1
elibas	1
clauserunt	1
abduxisti	1
colli	1
inueneritis	1
delictum	1
somno	1
essuderit	1
traduxit	1
alter	1
pane	1
timeo	1
hauriendam	1
hoibus	1
uapor	1
uisione	1
quercu	1
uestrum	1
uirgam	1
uentrem	1
dignus	1
foderant	1
germinaret	1
tacuit	1
hereditare	1
erga	1
senestram	1
aquarum	1
ueniemus	1
seplta	1
arientes	1
methebeel	1
reuoluant	1
simplex	1
presint	1
therman	1
irrigabat	1
sani	1
iebuseos	1
ibo	1
moabitarum	1
congregabis	1
mouebatur	1
somnus	1
creuerunt	1
adolescentia	1
uersatilem	1
sermones	1
comitari	1
prinogenitum	1
lattusim	1
ligare	1
puluis	1
thogorma	1
ascendebat	1
amabat	1
dicentis	1
gomorrorum	1
iugum	1
ignorantem	1
iudicet	1
uolucribuus	1
musicis	1
mes	1
moriamini	1
sume	1
caphthurim	1
octua	1
gazam	1
auscultate	1
captiuas	1
bndixerunt	1
percutiat	1
hominibus	1
adducat	1
cibos	1
porta	1
diuisa	1
operans	1
nostrarum	1
ubicumque	1
laterificemus	1
preparasti	1
turmam	1
ruffus	1
placabo	1
nate	1
nepotem	1
cete	1
tenebrosa	1
abeuntes	1
masman	1
iter	1
occiderimus	1
introduxit	1
ascendamus	1
teneriores	1
somonium	1
seipsa	1
fortis	1
loqretur	1
reus	1
peccasti	1
ultimos	1
luctus	1
congregauit	1
sede	1
dilatauit	1
pennatum	1
sugeres	1
phalas	1
aquas	1
tegmine	1
dnam	1
sobe	1
inspirauit	1
pheremeos	1
seculo	1
gebel	1
agnorum	1
respicientes	1
utimini	1
audiret	1
maneat	1
dabit	1
cessent	1
stupore	1
delebit	1
mercatoribus	1
eiice	1
diripuert	1
arguant	1
bibens	1
uenatus	1
custodiendum	1
testimonii	1
assimilabuntur	1
uiuenti	1
subiicient	1
negauit	1
suu	1
uernacule	1
planta	1
auibus	1
audisti	1
ignorantiam	1
hedorum	1
pellis	1
erubescebant	1
generos	1
stelle	1
genitus	1
considerauit	1
parerem	1
ballam	1
samula	1
occidet	1
labiim	1
redderet	1
discedemus	1
contendentes	1
emptitii	1
comede	1
dorsa	1
eleuauit	1
confusio	1
aperte	1
fugio	1
calor	1
libamen	1
hatauit	1
strauit	1
patres	1
qdem	1
hedum	1
eduxi	1
fiant	1
intendit	1
magnis	1
potens	1
pilose	1
caprarum	1
ithram	1
adaquatorium	1
lauent	1
ocursum	1
fodi	1
assumpta	1
lauate	1
hebetati	1
gradiamur	1
dederunt	1
fere	1
accepitant	1
priuauit	1
obseruabis	1
accipiemus	1
custodies	1
tacebat	1
pergens	1
bndictiones	1
possiderunt	1
coegit	1
fit	1
basemas	1
detineatis	1
uarii	1
laudauerunt	1
exaudiet	1
germinantia	1
gether	1
puella	1
rison	1
milium	1
dilectum	1
afflixit	1
magnificabo	1
celabo	1
dna	1
reuertens	1
seruis	1
imagine	1
auxiliatus	1
supelletilem	1
amara	1
platea	1
ingrediar	1
parceret	1
campus	1
nerui	1
cito	1
uoluerit	1
prouiderunt	1
reptantium	1
brachia	1
tristis	1
bibentes	1
haorum	1
uenires	1
lasa	1
regnauerunt	1
absconditus	1
nemo	1
uestum	1
adoram	1
ascendebant	1
dormiens	1
sedert	1
iudicii	1
custodi	1
lumbo	1
centuplicatum	1
aqm	1
ingredietur	1
elibama	1
cunctorum	1
rusticus	1
bndixeris	1
hedos	1
tabernaclo	1
peperci	1
famule	1
dicentem	1
deregione	1
cubitos	1
cuam	1
tangere	1
lampades	1
summitatem	1
legitima	1
hispidus	1
dictus	1
suscipiam	1
adipibus	1
accipient	1
diuiditur	1
ibat	1
acciperem	1
nuncii	1
aschonem	1
somnio	1
nunciauerunt	1
percutiamus	1
tulerunt	1
ducenti	1
uespera	1
sciens	1
horrei	1
benedixi	1
declinastis	1
pluit	1
uiride	1
uulnus	1
iniquitas	1
oriretur	1
tollite	1
suscipiendum	1
cognatione	1
emitteret	1
bituminis	1
despiciens	1
coctionem	1
exeuntibus	1
masecca	1
gotha	1
aureis	1
subuertit	1
mouit	1
transtulit	1
multe	1
paruuli	1
tenerum	1
precipio	1
maledictionem	1
quiescere	1
ocium	1
tnum	1
accedens	1
detrahas	1
gnatioe	1
diuiseris	1
difficulter	1
obediuit	1
inpossibile	1
orabit	1
alteri	1
fuereint	1
remittam	1
sepulchrum	1
bosorra	1
mazar	1
melius	1
capre	1
benedicentes	1
rhiphath	1
desierant	1
elibemath	1
puerulorum	1
ephrata	1
dnator	1
neqquam	1
somnians	1
uenandum	1
habitaret	1
ueniebat	1
argentea	1
maius	1
perficerem	1
facias	1
aq	1
terminis	1
phogor	1
scitis	1
aperientur	1
agricola	1
psalterium	1
fluuio	1
ditatus	1
naius	1
comperuncto	1
somniauit	1
uidebimus	1
seba	1
faciatis	1
reliquisti	1
cogitatio	1
egreditur	1
sane	1
concharum	1
seminiferam	1
turma	1
uterque	1
abibo	1
peperert	1
dotem	1
reuertentur	1
ammonitarum	1
mandragore	1
tristiciis	1
ambulo	1
abstulerant	1
uirtutem	1
somuiaui	1
cunctarum	1
amborum	1
caligo	1
uulneratos	1
dicunt	1
empti	1
bemiamin	1
rursum	1
malignati	1
iniquitatibus	1
prospiciens	1
sabatha	1
abraham	1
transiui	1
antecedentibus	1
egypto	1
semur	1
diuiderent	1
nuceam	1
relicta	1
uocauert	1
iebuseum	1
repleuit	1
complacens	1
balan	1
sicimorum	1
iuste	1
sodomite	1
stante	1
consolatus	1
protecit	1
cedar	1
apher	1
naphes	1
somniasti	1
octaua	1
annunciasses	1
sciebam	1
mutauit	1
excercitus	1
subcineritias	1
saluabitur	1
assimilabimur	1
grande	1
negociamini	1
minori	1
confirmatus	1
homini	1
uacua	1
querentes	1
ueniat	1
distingue	1
lumbum	1
ite	1
maledictione	1
snam	1
preterierunt	1
manipulos	1
themna	1
edhuc	1
reptili	1
numera	1
uini	1
circuncidit	1
detentus	1
mistus	1
laterem	1
flumine	1
uenistis	1
infernum	1
nomiscuit	1
aureorum	1
uenari	1
chorrei	1
uestimentorum	1
sophan	1
essent	1
maeleth	1
nepos	1
inueniam	1
damascus	1
rooboth	1
habitet	1
iniurias	1
appropinquent	1
perrexeris	1
educam	1
tabee	1
tremor	1
pdicere	1
consideraut	1
nequ	1
ppli	1
pilosus	1
eristens	1
raphaim	1
maledicere	1
mekhe	1
descenderut	1
sidonem	1
auro	1
proficuint	1
promanebit	1
sepeliuit	1
reptanti	1
misertus	1
misissem	1
ferre	1
uiatores	1
coegerunt	1
uehementer	1
nabdehel	1
apprositus	1
seipsum	1
habebo	1
astabat	1
circuerunt	1
turpe	1
semore	1
tunicas	1
damasci	1
principium	1
terebinthum	1
pastor	1
adolescentulum	1
dormi	1
audieritis	1
ducum	1
pueruli	1
discesserunt	1
dilexisti	1
tempora	1
apparuerunt	1
mercede	1
tenuerunt	1
eman	1
humiliare	1
anquam	1
morietur	1
irent	1
senuisset	1
pluuiam	1
accurrit	1
azymos	1
trecenti	1
acceperis	1
hitatiois	1
augebo	1
operaret	1
aphicum	1
longitudo	1
scientiam	1
babylon	1
saluetur	1
iret	1
campo	1
qro	1
oman	1
lugens	1
attendit	1
arath	1
magediel	1
odiohabere	1
circumcisione	1
digno	1
uestra	1
conpuncti	1
citharam	1
peccata	1
bethleem	1
redibis	1
occiderunt	1
pharan	1
esan	1
extendam	1
diernum	1
laborem	1
sanctificauit	1
proficiens	1
utile	1
discentes	1
nesciebat	1
habitas	1
futurus	1
habetur	1
timui	1
triennem	1
uisitauit	1
stetit	1
duxit	1
uidimus	1
capita	1
puluerem	1
essundetur	1
orauit	1
labtum	1
seruiam	1
dilatabitur	1
rupti	1
calcauneum	1
apparatum	1
habitantibus	1
iudith	1
inferiora	1
iuicem	1
seruituti	1
quidam	1
saluatorum	1
qdcumque	1
mensuras	1
circumregione	1
scientes	1
ueniret	1
perges	1
introduc	1
pacuerunt	1
septena	1
operuerunt	1
cuncta	1
iucham	1
addiuit	1
paucissimus	1
perficeret	1
colligasset	1
fluuium	1
adorabant	1
uiuente	1
noluerit	1
gerarum	1
iniquitates	1
comedant	1
frumento	1
requiescent	1
numerabit	1
aspiciens	1
fugerunt	1
poteris	1
produxit	1
uindictas	1
seruiant	1
cedmoneos	1
confide	1
dicas	1
adsconditi	1
dominans	1
apropinquerunt	1
campum	1
requiescere	1
paradisus	1
iactum	1
cedma	1
grauiter	1
aliud	1
habitatium	1
indicaret	1
uenerit	1
multo	1
euacuauit	1
iduma	1
eduxerunt	1
oliue	1
fecis	1
mitiplicabo	1
duabus	1
sperauit	1
perfecti	1
acciptemus	1
tanq	1
suspirans	1
confitebor	1
uirgis	1
ceneos	1
inuocare	1
calciamenti	1
posuerunt	1
sinistra	1
cherubim	1
stattuam	1
iectam	1
pectus	1
saue	1
regno	1
uendiderunt	1
aucta	1
eamus	1
rhodii	1
propterea	1
contrahite	1
interrogemus	1
pauci	1
bndixi	1
comederitis	1
charran	1
preteriit	1
diximus	1
prouectus	1
ubum	1
saban	1
gratis	1
feccisti	1
declinauerunt	1
flere	1
monumentum	1
esset	1
aradium	1
remansit	1
zambran	1
adorauerimus	1
imposuerunt	1
inferius	1
pede	1
edificantes	1
odiosume	1
leticia	1
implete	1
adaquemus	1
tardauit	1
amorreorum	1
ciuitatibus	1
principia	1
cultus	1
ppf	1
altaris	1
gna	1
senectutis	1
decimum	1
refrigerate	1
cogitauit	1
utrorum	1
dormierunt	1
suauitatis	1
ul	1
tigris	1
astaroth	1
occurrerunt	1
respondit	1
amatheum	1
appropinq	1
innocauit	1
sumat	1
uocabit	1
edificatis	1
irrigata	1
habitauerunt	1
incumbit	1
transibimus	1
gemitus	1
relinquet	1
hai	1
gergescum	1
attractet	1
sebagon	1
sabec	1
facite	1
illinc	1
deduxerunt	1
qdraginta	1
risi	1
reputate	1
isachar	1
conduxi	1
chabrath	1
suscipiet	1
ascende	1
auxit	1
habent	1
platani	1
gladii	1
asarmoth	1
uirginem	1
procepit	1
amplexatus	1
inuidit	1
iudicauit	1
besamath	1
desiderio	1
inclina	1
cm	1
inque	1
irrigandum	1
figuram	1
inuenisset	1
hitationis	1
deficio	1
peccares	1
ornatus	1
tulert	1
populus	1
iuniore	1
harum	1